name,id,pass
MAINPAL SINGH,402A1A6,4229
HITESH JOSHI,8200FBD,2014
MUKESH SANGELA,BC392CB,2026
SD VYAS,D556491,1312
RAJENDER VYAS,77A8020,1905
HARISH SORARI,A606E52,1976
RAJESH GIRI,61D0679,7123
VIJAY SHANKAR,3811F28,897
DHARAMVIR,BB1C650,7088
SANJAY UNIYAL,2DDF976,1846
SUNIL PANT,DE2B804,2482
DN PANDEY,45C8BBA,9898
VINOD BISHT,95CF50F,3404
MULKRAJ,7D5763A,9840
RAVINDER SINGH,16A677B,9735
KUSH KUMAR,6D9DE5B,7867
NANDANI KUMARI,DFA6AE3,2233
ANITA MODI,8E6D5B9,1999
SHANKAR RATHORE,E914CC7,7018
ANITA KAPRI,29E0A9F,1084
GEETA DEVI,D2B3162,1705
GIRISH ANDOLA,BA430D7,2000
JAGDISH SARAN,737B78C,3668
ANJU DASMANA,96FF643,2482
JAGAT SINGH RAWAT,2187C96,1506
SUSHIL PANWAR,5008462,3126
BALVINDER SINGH,A7C6E31,2482
DEEPANSHU,0EC9985,8958
SATISH SINGH,6F92A99,1035